sustainable clothing by tentree   shop organic  plant  trees claim gift close modal free giftgrab a tote bag on us  the perfect shopping tote for getting groceries or going to the beach  please select size and colour claim giftclaim gift sorry  gift no longer available  skip to content free shipping on all orders  close announcement bar search search search input close search bar  account  cart open menu close menu women new arrivals best sellers activewear sustainable loungewear peru golden spruce tshirts tops sweaters  cardigans hoodies  sweatshirts dresses  jumpsuits joggers  pants shorts jackets on sale see all shop for organic cotton safely grown  safe to wear  and soft to the touch  men new arrivals best sellers activewear sustainable loungewear peru golden spruce tshirts tops hoodies  sweatshirts joggers  pants shorts jackets on sale see all shop for recycled polyester recycling  but fashionable  redirecting waste to quality wear  kids accessories new arrivals best sellers mobius collection egift codes,ETHICAL
svala  luxury vegan handbags  purses  totes  backpacks  wallets close free shipping  returns in the us   home shop handbags accessories gift card all shop our instagram about us our story our values our fabrics why vegan  journal press blog faq ordering shipping  returns care afterpay contact us luxury vegan handbags handcrafted from the finest european fabrics  shop now shop now shop now as seen in discover our values modern sustainable luxury without the traditional   retail markup let customers speak for us  amazing product  beautiful workmanship  excellent service  highly recommend  m  c     simma tote  black beautiful i received the gold speckled cork clutch from svala and i love it  it is such a beautiful design and the patterns of this bag are amazing  i absolutely recommend  birthe    didi clutch mini  gold speckled cork simma black tote i love everything about this bag  quality  strength  perfect size  classic simple look which is no easy to find in vegan range  i carry this bag with me everywhere i ,ETHICAL
 brand  kindness is sexy   earthfriendly leisurewear  essentials free u  s  shipping  free returns  shop now  pay later  menu my cart  new arrivals shop dresses tops  tees bottoms bundles sale gift card joingreenmoves motto process materials give back about news shop social earthfriendly leisurewear for every day  brand is a line designed to influence a positive movement and look damn good while doing it  our mission  circularity because kindness is sexy  learn more essentials shop now tops  tees shop now dresses shop now choose your bundle stock up on your favorite styles  enjoy   off when you bundle   items  bundle now new arrivals quick view good times tee   quick view chelsea crop top   quick view sherman tank   quick view classic long sleeve tee   quick view textured long sleeve tee   quick view lumi crop top   quick view lumi crop top   quick view mika tshirt dress   quick view mika tshirt dress   quick view mika tshirt dress   quick view mika tshirt dress   quick view lumi crop top   quick view lumi cr,ETHICAL
harvest  mill  organic cotton clothing  grown  sewn in usa cart  sign in my account women men look sustainability back shop all womens  new arrivals shirts pants socks artist series  packs  more gift cards back shop all mens  new arrivals shirts pants socks artist series  packs  more gift cards sign in my account cart  women shop all womens  new arrivals shirts pants socks artist series  packs  more gift cards men shop all mens  new arrivals shirts pants socks artist series  packs  more gift cards looksustainability organic clothing  grown  sewn in usa  leaders in ecofashion design  we make the most sustainable shirt in america    organic cotton  grown and sewn in usa scroll new arrivalsorganic cotton shortspresale open now shop womens new arrivals shop mens new arrivals essential basics   organic cotton tops  sweatpants and joggersgrown  milled  designed  sewn in the usa  shop all womens shop all mens harvest  mill  s impactby design  our impact is radically lower than other sustainable brands  we use only u,ETHICAL
sustainable comfortable clothing  athleisure  everyday essentials cart  sign in my account shop the blog sustainability sign in my account cart  shopthe blogsustainability scroll shop stay up to date with us miakodanewyork organic comfortable clothing  sustainable  womens ethical athleisure womens organic comfortable clothing  athleisure  everyday essentials best organic womens comfortable clothing  sustainable athleisure wear infomiakodanewyorkcom the latest sign up for our mailing list for   off your first order  email address sign up use code hello  for   off your first orderthank you for shopping ethically  sustainably with us  info company meet our team contact sizing care instructions orders shipping returns  exchanges privacy press  testimonials press testimonials social instagram facebook twitter join our mailing list,ETHICAL
yes and  sustainable womens essentials  yesand apparel close thin icon close thin icon cart  happy pride month  shop cocreations rodale x hannah eddy x ya ecodrive x ya wea x ya sustainability our mission our founder sustainability blog close icon products view all results  best sellers new arrivals tops bottoms dresses jackets hoodies  sweatshirts masks shop all  basics tie dye denim lounge pajamas jumpsuits georgia  love is love  mock neck   simone midi skirt   jane dip dye tank   shop plus icon minus icon  plus icon minus icon best sellers new arrivals tops bottoms dresses jackets hoodies  sweatshirts masks shop all  plus icon minus icon basics tie dye denim lounge pajamas jumpsuits cocreations plus icon minus icon rodale x hannah eddy x ya ecodrive x ya wea x ya sustainability plus icon minus icon our mission our founder sustainability blog shop now the best for you  and mother earth shop trends shop best sellers shop travel essentials our commitment organic cotton we certify our organic cotton products t,ETHICAL
mate the label  dress clean  skip to content shop main menu apparel shop all new arrivals bottoms sets thermals sweatshirts sweatpants tees tanks jumpsuits collections active kids extended sizing sleep linen graphics featured bundles summer essentials accessories socks materials gift cards new arrivals best sellers essentials journal sustainability main menu about us factories materials  impact report community impact account faq about your tote loading  free u  s  shipping on orders      off fleece relaxed sweatpants  shop now  new colors are here  shop now shop apparel shop all new arrivals best sellers bottoms sets thermals sweatshirts sweatpants tees tanks jumpsuits collections active kids extended sizing back in stock sleep linen graphics featured bundles summer essentials accessories socks materials gift cards sets new sleep new arrivals new arrivals be the first to shop the latest styles straight from our la factories  shop now fleece pocket short organic cotton layering tank organic terry lounge short,ETHICAL
the classic tshirt company  luxury cotton tshirts for sale skip to content men short sleeve crew neckshort sleeve v necklong sleeve crew necklong sleeve v neckall mens tshirtsall collections women short sleeve crew neckshort sleeve v necklong sleeve crew necklong sleeve v neckall womens tshirtsall collections reviewsblogcharitiesaboutreviews account audcaddkkeurgbphkdjpynzdsgdusd cart free us shipping  free global shipping over    you are eligible for free shipping  your cart is empty free usa  day shipping  free shipping over   to can  au men short sleeve crew neck short sleeve v neck long sleeve crew neck long sleeve v neck all mens tshirts all collections women short sleeve crew neck short sleeve v neck long sleeve crew neck long sleeve v neck all womens tshirts all collections reviewsreviews blogblog charitiescharities aboutabout audcaddkkeurgbphkdjpynzdsgdusd audcaddkkeurgbphkdjpynzdsgdusd account search cart      organic cotton tshirts for menhand made in california shop men   organic cotton tshirts for,ETHICAL
milo  nicki  sustainable  crueltyfree  ethical womenswear menu menu cart  cart menu menu cart  cart home shop all shop sale who we are what we stand for blog lookbook the bandhani collection kickstarter rocks collecton the new beginnings collection contact search arrow right facebook instagram pinterest the orange you ready for summer dress handmade of the softest   italian linen refresh your spring wardrobe enjoy up to   off  all sales are final the fiesta dress made from   banana waste  but doesn  t smell like it the only jumpsuit that can be worn   ways always sustainable  ethical  crueltyfree the day to night pjs  home or out for serious rest  relaxation the  wfh  siesta dress do good  feel good  and look good by shopping small today give a damn  wear a zero waste face mask use code saveusps for free domestic shipping to support our local post offices the diwali jacket inspired by love of history  culture  traditions and most of all  family milo  nicki handmade  ethical  sustainable  crueltyfree  vegan  z,ETHICAL
knickey shop fitting room starter set shop all undies lowrise thong lowrise bikini midrise hipster midrise brief highrise brief bralettes the triangle the keyhole the scoop the tank knick knacks the starter set free shipping on us orders over  bralettes are here  shop now shop fitting room starter set recycle account   shop shop all starter set undies lowrise thong lowrise bikini midrise hipster midrise brief highrise brief bralettes the triangle the keyhole the scoop the tank knick knacks fitting room recycle faqs account the starter set elevated  organic cotton basics  impeccable fit  compromisefree  shop all elevated  organic cotton basics  impeccable fit  compromisefree  shop all undies bralettes bralettes are here  complete your top drawer with softascanbe organic cotton  finally for your top half  shop bralettes undies undies our bestseller since day one  the highrise brief  shop undies bralettes bralettes bralettes are here  complete your top drawer with softascanbe organic cotton  finally for your top,ETHICAL
hyer goods skip to content close menu bags all bags belt bags bucket bags camera bags convertible purses croc bags crossbody bags tote bags python bags shoulder bags shop hyer up wallets all wallets phone wallets card wallets zip wallets trifold wallets passport wallets accessories apple watch bands beanies airpod keychains straps masks sustainability our materials our promise monthly mission about log in instagram facebook pinterest cart close cart get   off your first order by signing up for our newsletter here free shipping and free returns on all u  s  orders instagram facebook pinterest currency usd  aud  cad  dkk kr  eur  gbp  hkd  jpy  nzd  sek kr sgd  usd  hyer goods bags all bags belt bags bucket bags camera bags convertible purses croc bags crossbody bags tote bags python bags shoulder bags shop hyer up wallets all wallets phone wallets card wallets zip wallets trifold wallets passport wallets accessories apple watch bands beanies airpod keychains straps masks sustainability our materials our promis,ETHICAL
nube  sustainable activewear  products from recycled materials nube  sustainable activewear  products from recycled materials shop look artists about cart    close shop look artists about contact shipping  returns newsletter sign up for our newsletter shop look did you know that your internet browser is out of date  x your browser is out of date  and may not be compatible with our website  you can update your browser from the link below  download the latest version of your prefered browser,ETHICAL
arielle sustainable fashion  arielle skip to content shop shop allshop masksshop by collection in stock  ready to rock late summer  fw  ss  fw  shop by style tops dresses pants skirts swim  body overalls leggings jackets suiting outerwear unisex masks plastic free living gift cards shop by fabric organic cotton irish linen milk fabric recycled fibers organic wool sale shop all sale pay what you can story who we areour commitmentsproductioncertificationsfabricscare  end of lifeclimate activism blogdiscover reviewspressnewslettercontact consultingreborn account search cart your cart is empty free domestic shipping on all apparel  shop shop all shop masks shop by collection in stock  ready to rock late summer  fw  ss  fw  shop by style tops dresses pants skirts swim  body overalls leggings jackets suiting outerwear unisex masks plastic free living gift cards shop by fabric organic cotton irish linen milk fabric recycled fibers organic wool sale shop all sale pay what you can story who we are our commitments prod,ETHICAL
franc  conscious clothing basics  ethically made in canada skip to content free shipping on orders over   cad and   usd  free shipping on orders over   cad and   usd  contact sizing and fit faq shipping returns shop now contact sizing and fit faq shipping returns shop now menu icon menu franc franc cancel search icon spinner icon all basics feature shop by category translation missing  engeneralicons  iconsearchclose icon close search search icon search account icon view account cart icon view cart shop all chevron down icon categories new tshirts  tops tank tops dresses  jumpsuits bottoms sweatshirts gift cards shop by fit plus size slim fit regular fit relaxed fit loose fit features expanded sizing new arrivals last call most wanted gift cards shop our extended sizes why franc chevron down icon our details fine details our story faq information sizing and fit contact shipping returns blog account icon log in close icon close shop all chevron down icon shop all categories chevron down icon categories new tsh,ETHICAL
altar pdx  northwest alternative handmade  altar pdx skip to content hey there  sign up for our newsletter and get   off your order  a great way to get deals in your inbox before anyone else  subscribe shop allapparel altar houselinedressestees  topsbottomsjumpers  rompersintimates  swimplusaccessories jewelry earringsnecklacesringsbracelets gifts  gifts under  gifts under  gifts under  stocking stuffers  splurge gifts  staff gift picks  apothecary cosmetics  skincarebath productsbalms  oilsperfume  room spraystinctures  toiletries home goods candlesblanketshome waresartaltar boxes  gift cardstarot  oracle resalesale faq mission statement  bio returns  exchanges care  size chart contact account search usdcadeurgbp cart your cart is empty shop allshop all apparel altar houseline dresses tees  tops bottoms jumpers  rompers intimates  swim plus accessories jewelry earrings necklaces rings bracelets gifts  gifts under   gifts under   gifts under   stocking stuffers  splurge gifts  staff gift picks  apothecary cos,ETHICAL
the r collective  reuse  repurpose  recycle   sustainable fashion hk skip to content shop by style tops dresses bottoms coats  jackets jumpsuits all products by collection refashioned denim reimagined avoidance military rinse start from zero about about usr fashionr productsr waste managementr community our collaborators our supporters our team sustainability sustainabilityour partnersour materialswear and care r stories account cart your cart is empty free hong kong delivery  free worldwide shipping for orders over usd    shop by style tops dresses bottoms coats  jackets jumpsuits all products by collection refashioned denim reimagined avoidance military rinse start from zero about about us r fashion r products r waste management r community our collaborators our supporters our team sustainability sustainability our partners our materials wear and care r storiesr stories account search cart    join our collective with our rescued luxury fabrics  we create limited edition collections of cool clothes with a co,ETHICAL
home  malaika new york  zero waste womens clothing  malaika new york skip to content submit close search tops dresses sweaters  jackets bottoms accessories shop all sale sustainability blog free domestic shipping over   submit search cart cart expand  collapse tops dresses sweaters  jackets bottoms accessories shop all sale sustainability blog scandinavian minimalism versatile zero waste staple garments shop now triangle top no reviews regular price   zero vest green regular price   zero tie dress no reviews regular price   statue of lib  vest no reviews regular price   crown clutch no reviews regular price   waterfall long cardigan no reviews regular price   view all th of july outfits browse now let customers speak for us from  reviews organic cotton air vent mask the dane destiny leyva    organic cotton air vent mask the dane the new yorker organic cotton air vent mask i really love my mask  its very comfortable to wear  and its easier to breathe  its also a conversation starter  julia anderson    organic ,ETHICAL
sustainable clothing with purpose  happy earth  skip to content close menu shop apparel long sleeve tees short sleeve tees womens oversized tees sweatshirts  outerwear sustainable leggings womens tanks bundle of the month mystery bundles shop all apparel accessories blankets beanies  hats zero waste stickers  patches fun stuff gift cards collections forest collection ocean collection animals collection activist collection adventure collection yogi collection our impact what we do carbon projects tree planting plastic pollution journal ambassadors ambassador program ambassador challenges submit your work log in instagram facebook cart preview close cart free carbonneutral shipping w     us only  shop apparel long sleeve tees short sleeve tees womens oversized tees sweatshirts  outerwear sustainable leggings womens tanks bundle of the month mystery bundles shop all apparel accessories blankets beanies  hats zero waste stickers  patches fun stuff gift cards collections forest collection ocean collection animals ,ETHICAL
unspun   custombuilt jeans skip to content shopclimateabout usgift cardsfit quiz account cart your cart is empty shopshop climateclimate about usabout us gift cardsgift cards fit quizfit quiz currency usd  currency eur  hkd  usd  currency usd  currency eur  hkd  usd  account search cart    body scan shortscustomized for you view collection body scan shortscustomized for you view collection body scan jeanscustombuilt for you visualize your jeans the processhow it works   build your pair   body scan   love your jeans design your jeans by choosing your own style  fabric  stitch color  waist rise  and leg length combo  this choice is yours  get fitted right from your phone or from one of our locations  our goal is to be your new everyday wear  tweaks and adjustments are on us  we wont stop until theyre perfect  the technology to create your digital avatar  your iphone projects over  dots of infrared light onto your body  as you rotate    the faceid sensor stitches all these depth maps together to create a hyperac,ETHICAL
organic clothing  ethical sustainable fashion  fair indigo free shipping  free return st order menu  menu  women forever organic tees shop by sleeve length shop by fabric see all tees more organic essentials see all womens see all   cotton sale men organic fabrics eterna  blend jersey  pura  all cotton jersey  serena  all cotton interlock  encanta  blend french terry  see all   organic cotton about about fair indigo  our mission the worlds best organic cotton almost forever quality ethically made tshirt timeline fair indigo foundation customer reviews faqs blog sale covid  instock faq forever organic tees quality that endures shop our signature organic fabrics perfect weights  allcotton or blend  learn more change your clothes  change the world  best organic cotton on earth impeccable quality ethically made women shop men shop the fair indigo foundation supporting education on the gram follow us about covid   faqs about fair indigo customer reviews certifications fair indigo foundation privacy  security blog ,ETHICAL
threads  thought  sustainable clothing for women and men skip to content    amount   youre saving new arrivals womens new arrivals dresses  rompers   skirts summer musthaves brand highlight  boyish jeans invincible collection best with leggings matching loungewear sets shop all mens new arrivals invincible collection summer essentials loungewear sets cancel plastic collection shop all kids new arrivals invincible collection girls new arrivals boys new arrivals boys graphic tees womens featured new arrivals best sellers summer shorts dresses  rompers   skirts matching loungewear sets invincible collection clothing tees  tanks sweatshirts  hoodies shorts leggings joggers  pants dresses  rompers   skirts denim maternity extended sizes reactive active tops sports bras leggings active sets workout gear accessories shoes totes hats socks face masks sale sale  reactive sale  tops sale  sweatshirts  jackets sale  bottoms sale  shoes mens featured new arrivals best sellers triblend  new colors   invincible collection ,ETHICAL
shop outerknown  free shipping  returns if you are visually impaired  email us at customercareouterknowncom and we will help you  new mens new arrivals womens new arrivals mens trunks tees shorts sweatshirts  sweatpants the blanket shirt lineup long sleeve shirts short sleeve shirts pants s  e  a  jeans polos  henleys graphic tees sweaters outerwear accessories otis eyewear breitling gift cards womens jumpsuits tops pants  shorts dresses  skirts tees sweatshirts  sweatpants coats  jackets denim swim active accessories s  e  a  jeans mens s  e  a  jeans womens s  e  a  jeans sustainability from kelly slater facebook instagram twitter login or register select your country united states usd australia aud some orders may be temporarily delayed due to covid    thank you for your patience  understanding during these unique times   we know  this is a major bummer unfortunately  we are experiencing temporary shipping delays with usps  other carriers  and our warehouse due to high volume and covid   safety precautions,ETHICAL
zerowaste  fair fashion  tonl skip to content join our mailing list and get   off your first order subscribe shop collections cura collective pop up summer  new arrivals best sellers last chance plant kween handwoven capsule wardrobe cozy and comfy naturally dyed gender inclusive maternity friendly wall hangings sales apparel tops dresses jumpsuits bottoms outerwear accessories masks gift cards jewelry scarves home ceramics wall hangings candles home textiles open closet about open closettrade in with open closetshop by style dresses tops jumpsuits jackets and wraps pants and skirts accessories shop by size size xs size s size m size l size xl size xxl size xl story philosophy vision and values fashion justice journey processtransparencyteam community storiesretailerstonl activists account cart your cart is empty free shipping on orders over   within the us shopshop collections cura collective pop up summer  new arrivals best sellers last chance plant kween handwoven capsule wardrobe cozy and comfy naturally ,ETHICAL
conscious step  wear what you believe in free shipping for us orders over    ordinary purchase  extraordinary purpose shop all all products new arrivals bundle and save gift cards gift boxes subscribe socks ankle crew conscious comfort sweatshirts kids stay cool in ankle socks shop for summer  gifts gift card gift boxes gift a subscription a gift dad won  t forget shop now  gift a subscription shop now  causes browse all causes beat childhood cancer build homes conserve rainforests educate kids empower women fight for equality fight malaria plant trees prevent breast cancer protect endangered animals provide disaster relief provide water restore oceans save dogs  cats save lgbtq lives support mental health treat hiv about mission impact sustainability faqs the step our mission learn more  sustainability learn more  shop all all products new arrivals bundle and save gift cards gift boxes subscribe socks ankle crew conscious comfort sweatshirts kids gifts gift card gift boxes gift a subscription causes beat chi,ETHICAL
organic underwear made with hemp  hemp bra  wama underwear my cart close  mens size small medium large xlarge xxlarge waist           not sure what size to buy  email us at cswamaunderwearcom and we will help you nd the perfect size  relax  if for any reason you are not happy with the t of your rst pair  send us an email and we will be happy to send you a new size at no charge  womens size xsmall small medium large xlarge waist           not sure what size to buy  email us at cswamaunderwearcom and we will help you nd the perfect size  relax  if for any reason you are not happy with the t of your rst pair  send us an email and we will be happy to send you a new size at no charge men hemp underwear boxer briefs trunks boxers briefs packs hemp goodies pouch bag egift card free us shipping  returns women hemp underwear hipsters bikinis thongs boy shorts high waisted packs hemp bralettes triangle bralette racerback bralette hemp goodies pouch bag egift card free us shipping  returns packs packs mens packs womens ,ETHICAL
shop sustainable  ethical womens fashion  tamga designs skip to content close menu home new arrivals shop clothing dresses loungewear tops kimonos bottoms jumpsuits basics view all accessories scarves and hair jewellery home view all tamga little sale  more sale gift card shop insta new arrivals lookbook mystic island provence freebird solano all abouts us sustainability fabrics  dyes our impact our makers giving back journal log in cart close cart free shipping to canada  usa on orders over   shop now pay later with afterpay   off summer sale with code  summer   new arrivals amara midi dress june short kimono layla maxi dress trinity short sleeve top shop clothing new arrivals dresses loungewear tops kimonos bottoms jumpsuits basics view all accessories scarves  hair jewellery home view all tamga little view all sale  more sale gift card shop insta collections mystic island provence freebird solano new arrivals lookbook mystic island provence freebird solano about us sustainability fabrics  dyes our impact o,ETHICAL
article   jewelry with purpose  wear  share  transform  articlecom skip to content submit close search submit search log in cart shop story blog about press stockists shop story blog about press stockists pause slideshow play slideshow close video play video impact faq contact shipping  returns terms privacy policy join our mailing list subscribe  facebook twitter instagram youtube vimeo    articlecom developed by apollo ,ETHICAL
whimsy and row  quality  sustainable fashion made in downtown la  whimsy  row  sustainable clothing  lifestyle brand happy bday rachel  take   off her faves  click to shop the collection happy bday rachel  take   off her faves  click to shop the collection happy bday rachel  take   off her faves  click to shop the collection happy bday rachel  take   off her faves  click to shop the collection happy bday rachel  take   off her faves  click to shop the collection new arrivals best sellers clothing sale sustainable marketplace blog about my account search cart      shopping bag    start shopping store currency  usd   usd united states dollar  aud australian dollar  cad canadian dollar  eur euro  gbp british pound search the store close new arrivals best sellers clothing all valentina linen collection wedding collection organic denim flora pants dresses tops bottoms jumpsuits outerwear lounge swim sets deadstock natural fibers sale sustainable marketplace essentials body accessories all jewelry bags  backpacks  ,ETHICAL
alice  whittles  sustainably made footwear  accessories menu  home shop about us login  your cart is empty continue shopping   subtotal checkout login home shop about us featured new in  the terrus shop all footwear  accessories bestsellers back in stock last chance gift card footwear the terrus the weekend boot rain boots sneakers accessories the weekend boot laces the weekend boot footbeds last chance size  size  size  size  size  size  featured new in  the terrus shop all footwear  accessories bestsellers back in stock last chance gift card footwear the terrus the weekend boot rain boots sneakers accessories the weekend boot laces the weekend boot footbeds last chance size  size  size  size  size  size  new in  the terrus  easy  cool  comfyall day  preorder now new in  the terrus  easy  cool  comfyall day  preorder now new in  the terrus  easy  cool  comfyall day  preorder now free shipping free shipping on all orders over   in the usa  canada  the eu  uk  australia  learn more  free exchanges  easy return,ETHICAL
vitamin a  womens designer swimwear  cover ups and accessories  vitamin a swim skip to content vitamin a x boyish is here  shop the collab  give    get    refer a friend  shop swim tops bottoms onepieces coverups  wraps all swim clothing dresses jumpsuits  rompers pants  shorts tops  tunics loungewear accessories best sellers best sellers linen shimmer ocean blues little black bikinis vitamin a x boyish shop by fit supportive d  dd removable pads triangle tops cheeky coverage classic coverage full coverage the playa shirt new arrivals fit guide about us our story sustainability journal sustainability report valogoblack valogowhite wishlist search account cart valogoblack icon  bagactive swim tops bottoms onepieces coverups  wraps all swim clothing dresses jumpsuits  rompers pants  shorts tops  tunics loungewear accessories best sellers best sellers linen shimmer ocean blues little black bikinis vitamin a x boyish shop by fit supportive d  dd removable pads triangle tops cheeky coverage classic coverage full c,ETHICAL
seek collective skip to content   off your next order when you join seek collective  youll be the first to know about new collections  special events  and exclusive offers  subscribe new arrivalsclothing dresses  romperstopsbottomsloungewearouterwearextended sizing home  accessories quiltsaccessories salearchive saleshop our instagramstoriesinfo aboutprocessrewardsfaqpresscontact wishlist account search cart your cart is empty free shipping  returns on all orders in the us shopshop all new arrivals dresses  rompers tops bottoms loungewear outerwear extended sizing sale home  accessories quilts accessories gift card shop our instagram zero waste archive sale new stylesshop the collection saleup to   off aboutabout processprocess storiesstories account rewards search wishlist cart    soak up the sun shop now easy silhouettes shop now modern heirlooms shop now slowly made with care leta dress  cirrus stripe  xs  xl    dee caftan  midnight   savista pants   cirrus stripe   viv dress  sol   shop the collection wel,ETHICAL
nike  just do it  nikecom your cookie settingsnike asks you to accept cookies for performance  social media and advertising purposes  social media and advertising cookies of third parties are used to offer you social media functionalities and personalized ads  to get more information or amend your preferences  press the  more information  button or visit  cookie settings  at the bottom of the website  to get more information about these cookies and the processing of your personal data  check our privacy  cookie policy  do you accept these cookies and the processing of personal data involved  more informationyes  i acceptyes  i acceptno  i dont acceptmore informationyou can always change your preference by visiting the  cookie settings  at the bottom of the page  view privacy  cookie policy for full detailsyour cookie settingsfunctionalthese cookies are required for basic site functionality and are therefore always enabled  these include cookies that allow you to be remembered as you explore the site within a ,UNETHICAL
victoria  s secret  the world  s most famous bras  panties  lingerie  sportswear  swimsuits  beauty and accessories loading  page is taking longer to load than expected  victorias secret,UNETHICAL
access denied access denied you dont have permission to access  httpwwwzaracomus  on this server  reference      faf,UNETHICAL
access denied access denied you dont have permission to access  httpwwwhmcomenusindexhtml  on this server  reference      abd,UNETHICAL
fashion nova  fashion online for women  affordable womens clothing  fashion nova skip to content women curve men kids beauty currency   usd    aed      all l   aoa kz   aud    cad    chf chf   clp    czk k   dkk kr    dop    eur    gbp    hkd    huf ft   ils    isk kr   jpy    krw    kyd    mxn    myr rm   mzn mtn   ngn    nok kr   nzd    pen s     php    pln z   qar      ron lei   rub    sar      scr    sek kr   sgd    usd    zar r navigation menu search search clear recently viewed  my favorites login create an account  cart hide search results products visual search upload photo quick links popular searches search for   new in new in dresses dresses sets sets jumpsuits  rompers jumpsuits  rompers jeans jeans tops  bodysuits tops  bodysuits graphic tees graphic tees pants  leggings pants  leggings shorts  skirts shorts  skirts lingerie lingerie swim swim shoes shoes accessories accessories jackets jackets beauty beauty activewear activewear nova sport nova sport nova vintage nova vintage nova luxe nova luxe,UNETHICAL
attention required   cloudflare please enable cookies  one more step please complete the security check to access wwwforevercom please stand by  while we are checking your browser  redirecting  please turn javascript on and reload the page  please enable cookies and reload the page  why do i have to complete a captcha  completing the captcha proves you are a human and gives you temporary access to the web property  what can i do to prevent this in the future  if you are on a personal connection  like at home  you can run an antivirus scan on your device to make sure it is not infected with malware  if you are at an office or shared network  you can ask the network administrator to run a scan across the network looking for misconfigured or infected devices  cloudflare ray id   ef  your ip      performance  security by cloudflare,UNETHICAL
womens fashion clothing  apparel  prettylittlething usa javascript seems to be disabled in your browser  you must have javascript enabled in your browser to utilize the functionality of this website  welcome to the world of prettylittlethingcom fierce fashion at your fingertips  delivered straight to your doorstep    where in the world are you  uk  rest of world  ire  eur  aus  n  z  ca  fr  il  qa  ae en    ae    sa    you have no items in your shopping cart   new innew innew inview allnew in todaynew in this weeknew in clothingback in stock new in dressesnew in topsnew in jumpsuits  rompersnew in pants  leggingsnew in skirts  shortsnew in denim new in coats  jacketsnew in two piece setsnew in knitwearnew in swimwearnew in activewearnew in sleepwear  lingerie new in beautynew in shoesnew in accessoriesnew in homewareplt rangesnew in plt plusnew in plt shapenew in plt petitenew in plt tallnew in plt collectionnew in plt maternityfeatured shopsplt x mollymaedestination swim  bahamasspring shopactivewearblazers,UNETHICAL
mango usa  online fashion free standard shipping on orders over    free returns on all orders  returns extended to  days j   your shopping bag is empty x  v your shopping bag has been updated the items you added in your last session have been included  httpstaticpagesmngbcncomhomesusindexhtml sale up to   off women men girl boy plus size available at stores and online in the united states while stocks last  maximum discount applied to the mango woman collection  for all other lines  the discount will be equal or lower  the discount does not apply to the new collection  women men dear planet  we arecommitted   of our garments already have sustainable properties  by   it will be     discover more kids plus size c we remind you that the limit on purchases is a maximum of us   and  or  items  as indicated in the purchasing conditions  accept select the color and size available before adding it to the shopping bagaccept we remind you that you can add up to  items to the wish list  accept to create your wishlist  y,UNETHICAL
summer sale   shop trendy womens fashion  womens clothing  shein usa women curve  plus kids men beauty   wishnum     langfootercustomer     sheinpckey    new in sheinx trends clothing dresses tops swimwear activewear shoes  accs home  pets sale explore ends in     itemtitlegroup     subitemtitle     communitytitle   app sign up for shein style news please agree to our privacy  cookie policy  subscribe we accept   shein all rights reserved privacy center privacy  cookie policy manage cookies terms  conditions copyright notice accessibility   curcountrycountry   choose your location   itemcountry  ,UNETHICAL
final goodbye sale  only till th june  up to   off  topshop malaysia the store will not work correctly in the case when cookies are disabled  javascript seems to be disabled in your browser  for the best experience on our site  be sure to turn on javascript in your browser  enjoy free returns with free delivery with min spend rm  please expect delays in delivery during mco period final goodbye sale now extended till th june  everything up to   off  shop now  final goodbye sale now extended till th june  everything up to   off  shop now  search search search toggle nav help and information help orders and returns size guide terms  conditions privacy policy cookies policy about us my account sign in create an account shop in my wish list my bag menu clothingshop clothingdressestopstshirtsbodysuitsshirts  blousessweatshirtstrousers  pantsskirtsshortsjumpsuits  playsuitsouterwearswimweardenim  jeansshop denimdenim jacketsdenim dressesdenim skirts  shortsmom jeansstraight jeansskinny jeansthe jeans fit guideshoess,UNETHICAL
access to this page has been denied  please verify you are a human please click  i am not a robot  to continue access to this page has been denied because we believe you are using automation tools to browse the website  this may happen as a result of the following  javascript is disabled or blocked by an extension  ad blockers for example  your browser does not support cookies please make sure that javascript and cookies are enabled on your browser and that you are not blocking them from loading  reference id  daebffbb powered by perimeterx  inc ,UNETHICAL
access denied access denied you dont have permission to access  httpwwwbershkacomuswomenchtml  on this server  reference   f    ff,UNETHICAL
primark usa  fashion  home  beauty  take care  stay safe hey chicago  our state street store is now open learn more textclose skip to content go to sitemap headermenu headercampaigns store finder headersearch searchformclose store finder us  change location  language at  be  fr   be  nl   cz k de  es  fr  ie  it  nl  pl pln pt  si  uk  search searchformclose women new arrivals clothing view all clothing dresses jeans tops coats  jackets hoodies jumpers  sweaters tshirts shorts skirts trousers  leggings lingerie  underwear socks  tights pyjamas gym clothes swimwear  beachwear accessories view all accessories bags  purses hair accessories belts hats gloves  scarves sunglasses jewellery bracelets earrings necklaces rings shoes  boots boots view all shoes  boots sandals sneakers ballerinas beach slippers wardrobe essentials womens jeans fit guide men new arrivals clothing view all clothing hoodies  sweatshirts jeans tops  tshirts coats  jackets shirts trousers suits shorts joggers swimwear pyjamas sports underwea,UNETHICAL
access denied access denied you dont have permission to access  httpwwwstradivariuscom  on this server  reference   d    bd,UNETHICAL
access denied access denied you dont have permission to access  httpwwwpullandbearcomus  on this server  reference   b    aaffd a,UNETHICAL
boohoo  womens and mens clothes  shop online fashion your browsers javascript functionality is turned off  please turn it on so that you experience this sites full capabilities  how boohoo uses cookies we use cookies that help us provide you with the best possible shopping experience with us  for example  they allow us to connect to social networks  display personalised content  as well as analyze and improve the operation of our website  accept all more info update your cookie settings we use strictly necessary cookies  you can  t disable these  they allow features like accessing secure areas  ebilling and creating baskets  the functionality ones these remember your shopping preferences and tailor your experience to you such as your language and region  so get you where you need to be  deselecting these cookies may make the site less relevant to you  the targeting ones these collect info about your browsing habits and help us deliver the best content for you  they track if you  ve visited via one of our affi,UNETHICAL
pardon our interruption pardon our interruption as you were browsing something about your browser made us think you were a bot  there are a few reasons this might happen  youve disabled javascript in your web browser  youre a power user moving through this website with superhuman speed  youve disabled cookies in your web browser  a thirdparty browser plugin  such as ghostery or noscript  is preventing javascript from running  additional information is available in this support article  to regain access  please make sure that cookies and javascript are enabled before reloading the page  after completing the captcha below  you will immediately regain access to the site again ,UNETHICAL
riachuelo  viva sua moda  moda feminina  masculina e infantil  ir para a pesquisair para a navegaoir para o contedo javascript seems to be disabled in your browser  for the best experience on our site  be sure to turn on javascript in your browser  entrar  criar conta formulrio de logincadastrese usando seu cpfsenha continuaresqueceu a sua senha  clique aquibaixe o appcarterscasa riachuelosustentabilidadejeanscompre pelo whatsapp compre pelo whatsapp atendimento nossas lojas blog carto riachuelo pesquisa minha conta painel do clientelista de desejosmeus pedidossair entrar  criar conta minha wishlistmeu carrinho pesquisapesquisa buscarfechar toggle nav menu novidadesfeminino coleo feminina coleo feminina vestido coleo feminina macaco e macaquinho coleo feminina blusa coleo feminina body coleo feminina camisa coleo feminina camiseta coleo feminina regata coleo feminina blazer coleo feminina casaco e jaqueta coleo feminina suter e cardigan coleo feminina moletom coleo feminina cala coleo feminina cala jeans cole,UNETHICAL
wish  shopping made fun searchsign incontact  terms  policies  morecompanyblogcontactcareersprivacy policyaccessibility statementtax policyterms of usereturn policysell on wishintellectual propertycategories   bought this   bought this   bought thisalmost gone       bought thisalmost gone       bought this      bought this      bought this      bought this      bought thisalmost gone    bought this      bought this   bought this      bought this   bought thisalmost gone    bought this   bought this   bought thisalmost gone       bought this   bought this   bought thisalmost gone    bought this      bought this      bought this   bought this    bought thisalmost gone       bought this      bought this   bought thisalmost gone    bought thislog insign upsign uporfacebookgoogleappleby clicking  sign up    facebook    google  or  apple  you agree to the wish terms of use and privacy policy  this site is protected by recaptcha and the google privacy policy and terms of service applylog insign upforgot password  lo,UNETHICAL
aliexpress  online shopping for popular electronics  fashion  home  garden  toys  sports  automobiles and more products  aliexpress by continuing to use aliexpress you accept our use of cookies  view more on our privacy policy   you can adjust your cookie preferences at the bottom of this page  close cookie preferences help customer service disputes  reports report ipr infringement buyer protection app ship to language currency save cart wish list account welcome to aliexpress  welcome back sign out join sign in my orders message center wish list my favorite stores my coupons invite friends to give us   categorias aliexpresssmarter shopping  better living   all categories ps pro maybach logo rx  gb redmi airdots microdermoabrasion qcy ts,UNETHICAL
access denied access denied you dont have permission to access  httpwwwzafulcom  on this server  reference   cedda    b,UNETHICAL
womens online clothes  fashion shopping  nasty gal your browsers javascript functionality is turned off  please turn it on so that you experience this sites full capabilities  how nasty gal uses cookies we use cookies that help us provide you with the best possible shopping experience with us  for example  they allow us to connect to social networks  display personalised content  as well as analyze and improve the operation of our website  accept all more info update your cookie settings we use strictly necessary cookies  you can  t disable these  they allow features like accessing secure areas  ebilling and creating baskets  the functionality ones these remember your shopping preferences and tailor your experience to you such as your language and region  so get you where you need to be  deselecting these cookies may make the site less relevant to you  the targeting ones these collect info about your browsing habits and help us deliver the best content for you  they track if you  ve visited via one of our aff,UNETHICAL
gymshark official store  gym clothes  workout wear  gymshark good news  we are dispatching as normal and ensuring contactless delivery  shop gymshark with afterpay  pay in  installments  shop gymshark with klarna  pay in  interestfree installments  free returns now for  days  free standard shipping when you spend   shop new mens shop new womens new releases stock up on vital  shop new releases stock up on vital  shop moving forward check out the latest releases shop moving forward check out the latest releases shop all round activewear for days onthego to taking it slow shop womens shop mens all round activewear for days onthego to taking it slow shop womens shop mens shopwomens shop shopmens shop klarnaread more student discountread more afterpayread more more than your best workout clothing the gymshark community is devoted to unlocking potential through conditioning and the things we do today to prepare for tomorrow  when it comes to performing at your max  there should be no obstacles  least of all your w,UNETHICAL
access to this page has been denied  please verify you are a human please click  i am not a robot  to continue access to this page has been denied because we believe you are using automation tools to browse the website  this may happen as a result of the following  javascript is disabled or blocked by an extension  ad blockers for example  your browser does not support cookies please make sure that javascript and cookies are enabled on your browser and that you are not blocking them from loading  reference id  bdcdaebce powered by perimeterx  inc ,UNETHICAL
brandy melville skip to content sign in just in whats new   basics tankstshirtsbottoms clothing view alltops tanks short sleeves crop tops long sleeves bottoms sweatpants jeans pants skirts shorts sweatshirtssweaters cotton sweaters dressesmatching setsouterwear graphics view allgraphics sweats graphics tees accessories view alljewelrybags  backpacksbeltshair accessoriessockshats  caps j  galt topsbottomsgraphicsdresses gift cards customer service locations shopping bag your shopping bag is empty sign in service menu customer service locations  brandy melville just in whats new   basics tanks tshirts bottoms clothing view all tops tanks short sleeves crop tops long sleeves bottoms sweatpants jeans pants skirts shorts sweatshirts sweaters cotton sweaters dresses matching sets outerwear graphics view all graphics sweats graphics tees accessories view all jewelry bags  backpacks belts hair accessories socks hats  caps j  galt tops bottoms graphics dresses gift cards clothing hannah tank   more colors more colors,UNETHICAL
access denied access denied you dont have permission to access  httpwwwaecomusen  on this server  reference   cdda    bcd,UNETHICAL
access to this page has been denied  please verify you are a human please click  i am not a robot  to continue access to this page has been denied because we believe you are using automation tools to browse the website  this may happen as a result of the following  javascript is disabled or blocked by an extension  ad blockers for example  your browser does not support cookies please make sure that javascript and cookies are enabled on your browser and that you are not blocking them from loading  reference id  bdaeba powered by perimeterx  inc ,UNETHICAL
shop gap for casual womens  mens  maternity  baby  kids clothes skip to top navigationskip to shopping bagskip to footer linksfree shipping on     free returns on all orders  detailssign innew customersorders  returnsmy points and rewardscheck gift card balancesinternational shippingdetailsnewnewwomenwomenmaternitymaternitymenmenteenteengirlsgirlsboysboystoddlertoddlerbabybabyjeansjeanssalesalefactoryfind a storecredit cardgift card,UNETHICAL
